session_id,event_id,event_timestamp,action_type,content,cognitive_label,analyst_label,analyst_justification,critic_label,critic_agreement,critic_justification,judge_justification,confidence_score,disagreement_score,flagged_for_review
"100109","100109_2019_891311617","1998-03-31 02:33:37","RATE","{""movie_id"": 2019, ""movie_title"": ""Seven Samurai (Shichinin no samurai) (1954)"", ""rating"": 3.0, ""system_rating"": 4.20531054425866}","PoorScent","PoorScent","The user rated the movie 'Seven Samurai' with a score of 3.0, which is below the system's average rating of 4.21. This suggests that the user failed to find the movie satisfactory or relevant to their needs, indicating a lack of strong information scent. The act of rating without a prior engagement (like a viewing or searching for recommendations) indicates a disconnect from what they expected versus what they received.","DietEnrichment","disagree","The user providing a rating of 3.0 could reflect a nuanced opinion rather than a complete failure to find the movie satisfactory. It may indicate that the user is reconsidering their preferences or adjusting their criteria for what they seek in a movie. There isn't evidence that the user initiated a new query or left the patch, which would more clearly suggest PoorScent. The rating itself does not preclude the possibility of the user refining their inquiry for future searches, thus it may better","The Analyst's perspective correctly identifies that the user rated 'Seven Samurai' a 3.0, which is below the average system rating of 4.21. This rating suggests a level of dissatisfaction, indicating that the movie did not meet the user's expectations. The Critic's view highlights that a 3.0 rating may imply a nuanced opinion rather than outright discontent; however, it does not sufficiently argue against the strong indicator of poor satisfaction implied by the rating itself. Therefore, based on","0.85","0.7695142745971679","True"
"100336","100336_2571_1554667050","2019-04-07 19:57:30","RATE","{""movie_id"": 2571, ""movie_title"": ""Matrix, The (1999)"", ""rating"": 4.0, ""system_rating"": 4.21001449633249}","ApproachingSource","FollowingScent","The user displayed intent by giving a rating of 4.0 to the movie 'Matrix, The (1999)', indicating they found it worthwhile. This action suggests they were following a cognitive scent related to reviews or ratings, signaling a targeted engagement with content they are familiar with.","ApproachingSource","disagree","The user rated the movie, which indicates they had prior experience or engagement with it. This action suggests they are evaluating content rather than actively seeking new information based on targeted queries. Thus, the label 'ApproachingSource' is more appropriate, reflecting the user's interaction with known content.","While the Analyst suggests 'FollowingScent' due to the user's rating indicating intent, the Critic's perspective highlights the user's engagement with existing content rather than the search for new information. The user's action of rating implies they are reflecting on a prior experience, aligning more with 'ApproachingSource'. Thus, this label captures the reflective nature of the action more accurately.","0.8","0.7829734563827515","True"
"100336","100336_61240_1554668031","2019-04-07 20:13:51","RATE","{""movie_id"": 61240, ""movie_title"": ""Let the Right One In (L\u00e5t den r\u00e4tte komma in) (2008)"", ""rating"": 4.5, ""system_rating"": 4.52728661852276}","ApproachingSource","FollowingScent","The user rated 'Let the Right One In (2008)' with a score of 4.5, demonstrating strong engagement with the content and reflecting clear intent. This shows the user is actively participating in a rating system based on their preferences, maintaining a focus on evaluating movies.","ApproachingSource","disagree","Similar to Event 1, the user is rating a movie they likely have already watched and is therefore reflecting on their existing knowledge rather than searching for new information. The label 'ApproachingSource' better captures their engagement with familiar content as opposed to initiating a new search.","Similar to the previous event, the Analyst indicates 'FollowingScent' due to the high rating assigned, suggesting intent. However, the Critic rightly notes that this is a reflection on a previously watched movie, thus more closely representing 'ApproachingSource'. Given the context of evaluating known content, this label is more appropriate.","0.8","0.8126824617385864","True"
"100336","100336_49530_1554668203","2019-04-07 20:16:43","RATE","{""movie_id"": 49530, ""movie_title"": ""Blood Diamond (2006)"", ""rating"": 4.0, ""system_rating"": 4.09043029508915}","ApproachingSource","FollowingScent","The user giving a 4.0 rating to 'Blood Diamond (2006)' indicates an awareness and intent to evaluate this content. The action signifies the user's continued interest in movie ratings, confirming that they are actively following their interests in movies by assessing their enjoyment of the film.","ApproachingSource","disagree","As with the previous events, the rating action indicates the user is assessing their experience with a movie they have presumably watched, showing engagement with known content rather than pursuing new informational leads. 'ApproachingSource' is more applicable as it reflects their response to familiar information rather than a search for further content.","The scenario is consistent with the previous events. While the rating reflects a level of engagement, the action primarily shows the user is assessing familiar content rather than actively searching for new information. Thus, the Critic's perspective remains valid, leading to the decision of 'ApproachingSource' being the better fit in this case.","0.8","0.7994703054428101","True"
"101362","101362_7254_1146620279","2006-05-03 01:37:59","RATE","{""movie_id"": 7254, ""movie_title"": ""The Butterfly Effect (2004)"", ""rating"": 4.0, ""system_rating"": 3.56805673284403}","DietEnrichment","FollowingScent","The user rates 'The Butterfly Effect (2004)' with a score of 4.0, indicating that they have engaged with the content and likely found it satisfactory, showcasing intent to evaluate the movie.","DietEnrichment","disagree","Rating a movie does not necessarily indicate the user is initiating a well-formed search; they may simply be reflecting on previous viewing rather than expressing intent to search further. It appears the user is assessing past content, not foraging for new information.","While the Analyst perceives a high rating as an indication of intent to evaluate and continue searching, the Critic emphasizes that a rating alone is more reflective of past engagement rather than a targeted information-seeking behavior. The rating's context suggests a reflection rather than a refined query.","0.85","0.7961178302764893","True"
"101362","101362_260_1146620618","2006-05-03 01:43:38","RATE","{""movie_id"": 260, ""movie_title"": ""Star Wars: Episode IV - A New Hope (1977)"", ""rating"": 5.0, ""system_rating"": 4.05178436988793}","DietEnrichment","FollowingScent","The user gives a high rating to 'Star Wars: Episode IV - A New Hope (1977)', demonstrating satisfaction and intent, implying they are likely discerning their preferences.","DietEnrichment","disagree","The same reasoning applies here as in Event 1. The high rating may indicate satisfaction from prior viewing but doesn't show clear intent to search further; thus it is an assessment rather than a targeted information foraging interaction.","As with the previous event, while the Analyst interprets a high rating as an expression of intent and satisfaction, the Critic argues that this does not equate to further active searching but rather reflects a conclusion regarding a past viewing experience.","0.85","0.801292335987091","True"
"101362","101362_44191_1146620913","2006-05-03 01:48:33","RATE","{""movie_id"": 44191, ""movie_title"": ""V for Vendetta (2006)"", ""rating"": 5.0, ""system_rating"": 3.77067240572522}","DietEnrichment","FollowingScent","Rating 'V for Vendetta (2006)' a 5.0 signifies strong approval, indicating the user has a clear positive sentiment and is continuing to interact with content they favor.","DietEnrichment","disagree","While the user rates the movie highly, it suggests positive prior engagement rather than a new search or investigation process. This does not align with the notion of continuing a focused information search; the user is merely evaluating their experience.","Despite the Analyst's strong supporting argument indicating user satisfaction, the Critic's view that this action signifies a reflection rather than a search modification holds weight since the user's rating doesn't suggest further exploratory behavior.","0.82","0.8598447084426879","True"
"101362","101362_7458_1146621121","2006-05-03 01:52:01","RATE","{""movie_id"": 7458, ""movie_title"": ""Troy (2004)"", ""rating"": 5.0, ""system_rating"": 3.31184516768662}","DietEnrichment","FollowingScent","The user rates 'Troy (2004)' with a 5.0, which shows a strong engagement and positive feedback, suggesting satisfaction and a clear preference.","PoorScent","disagree","Again, the user's action is a rating rather than a direct search or seeking of information. The user expressing dissatisfaction with their past experience does not mean they are foraging in the traditional sense but rather providing retrospective feedback.","The Analyst views a high rating as evidence of engagement and preference, however, the Critic's assessment underscores that this is reflective evaluation rather than an indication of new search intent, aligning more with DietEnrichment.","0.8","0.8709850311279297","True"
"101362","101362_1088_1147052103","2006-05-08 01:35:03","RATE","{""movie_id"": 1088, ""movie_title"": ""Dirty Dancing (1987)"", ""rating"": 4.0, ""system_rating"": 3.09733852613432}","DietEnrichment","FollowingScent","The user rates 'Dirty Dancing (1987)' a 4.0, indicating they have viewed or considered the movie positively, displaying intent to express their opinion.","PoorScent","disagree","Similar to previous events, simply rating doesn't convey that the user is leaving a search patch. This action reflects evaluation rather than a failure to find desirable information, which contradicts the definition given.","Although the Analyst interprets the rating as an intent to express opinion, the Critic correctly highlights that this reflects prior engagement and does not represent active search behavior, leading to the conclusion of DietEnrichment.","0.75","0.8835513830184936","True"
"101362","101362_593_1147052129","2006-05-08 01:35:29","RATE","{""movie_id"": 593, ""movie_title"": ""Silence of the Lambs, The (1991)"", ""rating"": 4.0, ""system_rating"": 4.03379725726121}","DietEnrichment","FollowingScent","Rating 'Silence of the Lambs, The (1991)' a 4.0 suggests that the user has engaged with the content and is providing feedback on their viewing experience.","DietEnrichment","disagree","The user's behavior suggests they are reflecting on prior viewing rather than executing a targeted search for new content. Ratings are not indicative of an information foraging effort as defined by Information Foraging Theory.","The Analyst suggests ongoing engagement through rating, but the Critic effectively argues that this is a reflection of past viewing instead of indicating a modification of search behavior. The context denotes evaluation rather than foraging.","0.75","0.8421767950057983","True"
"101362","101362_2291_1147052854","2006-05-08 01:47:34","RATE","{""movie_id"": 2291, ""movie_title"": ""Edward Scissorhands (1990)"", ""rating"": 4.0, ""system_rating"": 3.45445866752687}","DietEnrichment","FollowingScent","The user rates 'Edward Scissorhands (1990)' twice with a 4.0, indicating strong engagement and intent to express their satisfaction, though the redundancy suggests repeated interaction.","DietEnrichment","disagree","While the repeated rating might imply continued valuation, it does not illustrate a modification of information need. This behavior leans toward reflecting on satisfaction rather than an active search process.","The Analyst notes strong engagement; however, the Critic stresses that repeating a rating signals reflection rather than active search or query modification. Thus, the user is not demonstrating a foraging action.","0.7","0.8611464619636535","True"
"101362","101362_2291_1147052854","2006-05-08 01:47:34","RATE","{""movie_id"": 2291, ""movie_title"": ""Edward Scissorhands (1990)"", ""rating"": 4.0, ""system_rating"": 3.46279278284453}","DietEnrichment","FollowingScent","Identical to the previous event, this repeated rating shows ongoing evaluation or confirmation of their preference for the movie, reflecting a consistent intent.","DietEnrichment","disagree","Identical to Event 7, this maintains ongoing evaluation rather than demonstrating an adjustment in search intent or scope. The user continues to reflect on past content rather than actively seeking new information.","Following the same reasoning as the previous event, the recurrent rating is reflective of past engagement rather than indicating a search strategy modification. The continued evaluation does not suggest exploratory behavior.","0.7","0.7999582290649414","True"
"101362","101362_673_1147052873","2006-05-08 01:47:53","RATE","{""movie_id"": 673, ""movie_title"": ""Space Jam (1996)"", ""rating"": 3.5, ""system_rating"": 2.56392088748108}","DietEnrichment","FollowingScent","The user gives 'Space Jam (1996)' a rating of 3.5, indicating a moderate level of engagement and satisfaction, thus reflecting the intent to assess their viewing experience.","DietEnrichment","disagree","The 3.5 rating could represent a mild satisfaction but does not suggest the user is refining their search query. It shows an evaluation rather than a modification of information needs.","While the Analyst interprets the rating as engagement, the Critic points out that this is merely an evaluation of satisfaction rather than an indicator of an active search effort or adjustment of information needs.","0.7","0.8133828163146972","True"
"101362","101362_3578_1147053318","2006-05-08 01:55:18","RATE","{""movie_id"": 3578, ""movie_title"": ""Gladiator (2000)"", ""rating"": 4.0, ""system_rating"": 3.95072481378412}","DietEnrichment","FollowingScent","Rating 'Gladiator (2000)' a 4.0 shows a favorable opinion and suggests the user is engaged and actively participating in evaluating their media consumption.","DietEnrichment","disagree","A favorable rating does not indicate a broader or narrower query refinement; it reflects their assessment. This doesn't align with the concept of adjusting search behavior for better returns.","The Analyst argues for active engagement, but the Critic's perspective highlights that such ratings do not reflect a refinement of search strategy, aligning more closely with DietEnrichment.","0.68","0.8665962934494018","True"
"101362","101362_7293_1147053620","2006-05-08 02:00:20","RATE","{""movie_id"": 7293, ""movie_title"": ""50 First Dates (2004)"", ""rating"": 4.0, ""system_rating"": 3.23534093764288}","DietEnrichment","FollowingScent","The user rates '50 First Dates (2004)' with a 4.0, indicating satisfaction and intent to one more time articulate their opinion after earlier interactions with this title.","DietEnrichment","disagree","While the user rates the film positively, this indicates assessment of prior content rather than an active search modification. The behavior suggests content engagement rather than query refinement.","While the Analyst sees a positive rating as indicative of engagement intent, the Critic asserts that this reflects a user’s assessment rather than an active search behavior, supporting the conclusion of DietEnrichment.","0.75","0.8709537744522095","True"
"101362","101362_7293_1147053620","2006-05-08 02:00:20","RATE","{""movie_id"": 7293, ""movie_title"": ""50 First Dates (2004)"", ""rating"": 4.0, ""system_rating"": 3.24240117132397}","DietEnrichment","FollowingScent","The repeated rating for '50 First Dates (2004)' strengthens the engagement signal and the user's intent to express or confirm their evaluation.","DietEnrichment","disagree","Repeated ratings do not reflect searching for information; they show reaffirmation of their positive sentiment instead. The user isn't altering their information scope or strategy.","Similar to the previous event, the repeated nature of the rating is leaned toward the expression of an opinion rather than indicative of any searching strategy, reinforcing the DietEnrichment conclusion.","0.75","0.7950339555740357","True"
"101362","101362_7293_1147053620","2006-05-08 02:00:20","RATE","{""movie_id"": 7293, ""movie_title"": ""50 First Dates (2004)"", ""rating"": 4.0, ""system_rating"": 3.24289519739132}","DietEnrichment","FollowingScent","Further repetition of the rating for '50 First Dates (2004)' indicates continued engagement and consistent feedback from the user, reflecting their interest.","DietEnrichment","disagree","Continuing to rate the same movie does not imply exploratory behavior; it suggests solidifying their existing opinion. There’s no demonstration of information need modification.","Continuing to rate the same content suggests an affirmation of existing opinion rather than indicative of exploration or seeking new information, thus supporting the label DietEnrichment.","0.7","0.8267612457275391","True"
"101362","101362_597_1147053642","2006-05-08 02:00:42","RATE","{""movie_id"": 597, ""movie_title"": ""Pretty Woman (1990)"", ""rating"": 4.0, ""system_rating"": 3.26725956361125}","DietEnrichment","FollowingScent","The user rates 'Pretty Woman (1990)' a 4.0, signifying a positive assessment and an active role in engaging with the content.","DietEnrichment","disagree","The rating indicates a reflection on content rather than a search for new information. No adjustment in information need is displayed, merely an evaluation of previous engagement.","The user's rating signals evaluation rather than signaling any search intent or strategy modification. Thus, the action effectively reflects DietEnrichment.","0.7","0.8315264582633972","True"
"101362","101362_231_1147053684","2006-05-08 02:01:24","RATE","{""movie_id"": 231, ""movie_title"": ""Dumb & Dumber (Dumb and Dumber) (1994)"", ""rating"": 4.0, ""system_rating"": 2.75626389932719}","DietEnrichment","FollowingScent","Rating 'Dumb & Dumber (Dumb and Dumber) (1994)' a 4.0 indicates a favorable evaluation, displaying intent to articulate the user's feelings about the movie.","DietEnrichment","disagree","The user issuing a 4.0 rating does not suggest they are looking for a broader search. The action represents content evaluation rather than an intent to modify their information search strategy.","While the rating reflects a favorable assessment, the Critic's argument that this behavior represents content evaluation rather than active search modification is compelling, leading to the label of DietEnrichment.","0.68","0.8092225909233093","True"
"101362","101362_39_1147053788","2006-05-08 02:03:08","RATE","{""movie_id"": 39, ""movie_title"": ""Clueless (1995)"", ""rating"": 3.5, ""system_rating"": 3.27859093798896}","DietEnrichment","FollowingScent","By rating 'Clueless (1995)' a 3.5, the user is actively engaged in expressing their opinion about the movie, showcasing their ongoing evaluation of content.","DietEnrichment","disagree","Similar to previous events, the rating shows evaluation behavior. There is no evidence that the user is adjusting their information seeking behavior based on satisfaction or dissatisfaction.","Even though the user expresses a level of satisfaction through their rating, the Critic maintains that this behavior doesn't exemplify exploratory actions indicative of an information foraging approach.","0.68","0.7886183738708497","True"
"101362","101362_5349_1147053906","2006-05-08 02:05:06","RATE","{""movie_id"": 5349, ""movie_title"": ""Spider-Man (2002)"", ""rating"": 4.5, ""system_rating"": 3.5049612707481}","DietEnrichment","FollowingScent","A rating of 4.5 for 'Spider-Man (2002)' indicates strong satisfaction and an intent to engage with the content meaningfully.","DietEnrichment","disagree","The rating reflects user satisfaction rather than an informative search modification. It does not align with an active foraging approach as defined in Information Foraging Theory.","Although there is recognition of the user's satisfaction, the act of rating is more reflective of content evaluation. The Critic's point on search behavior modification not being evident supports the label of DietEnrichment.","0.7","0.8107115507125855","True"
"101362","101362_1196_1147054041","2006-05-08 02:07:21","RATE","{""movie_id"": 1196, ""movie_title"": ""Star Wars: Episode V - The Empire Strikes Back (1980)"", ""rating"": 5.0, ""system_rating"": 4.0758736740024}","DietEnrichment","FollowingScent","Rating 'Star Wars: Episode V - The Empire Strikes Back (1980)' a 5.0 exhibits a very high level of engagement and intent to provide feedback on the film.","DietEnrichment","disagree","As with other events, the high rating reflects a subjective evaluation of content rather than suggesting ongoing foraging behavior or search modification. The user is not revealing adjusted informational needs.","The high rating may show user engagement; however, the Critic's assessment that this does not imply any modification of search strategies or ongoing searching reinforces the conclusion of DietEnrichment.","0.7","0.8879490375518799","True"
"101362","101362_6934_1147054127","2006-05-08 02:08:47","RATE","{""movie_id"": 6934, ""movie_title"": ""Matrix Revolutions, The (2003)"", ""rating"": 4.5, ""system_rating"": 3.17322380390086}","DietEnrichment","FollowingScent","Rating 'Matrix Revolutions, The (2003)' a 4.5 indicates positive engagement and the intent to express satisfaction about the movie.","DietEnrichment","disagree","While the rating shows engagement, it can’t be classified as an active search or modification of information need. This simply indicates a reflection on content, not an exploratory or foraging behavior.","The rating reflects the user's satisfaction but fails to indicate an adjustment in their search behavior or information need. The Critic's assertion that this conveys reflection rather than searching solidifies the conclusion of DietEnrichment.","0.7","0.8309542775154114","True"
